view?id=10&typeid=1	1
rs-aries-74-267001-226426-1205714423l	1
yesppg_cn	1
all	1
www.yangteacher	1
msgl	1
www.kutu168	1
www.kina.cc	1
www.jx0792	1
www.mp3goto	1
www.xjts	1
f?kz=93950886	1
,1,1	1
bbs.54master	1
buyun	1
bbs.51-net	1
oktsudvetu8	1
q64871223	1
a-spkj200603040l	1
bbs.rednet	1
wjb	1
www.scatzone	1
sports.qq	1
p1	1
?t59082l	1
bill_cpc?p=mqadqu7lf$dwygkklpdll4bnlzllxvvslf3w688gwqqsllllgzlvl25n8eksidvfllllll==&q=cglkpwnozw5nahvpjni9mjqmad0xnjg0ndq3mjamdj03jmm9twa=&url=http:	1
www.muchmoremen	1
t.tuxiao77.info	1
?1797046	1
mju0njehotel	1
picview79459c30p1l	1
jlth	1
d3b71h2834ajb8l	1
www.acckj	1
mobile.haier	1
askinfo?qid=1757	1
news.phoenixtv	1
67.19.119.147	1
chengdu.vekee	1
product_110821l	1
cq.qq	1
ccbp	1
partyinfo	1
viewthread.php?tid=30728&extra=page%3d122	1
shuzhibaogao	1
leaders	1
www.800265	1
msgview-821955-677919l	1
www.dannyfans	1
zuowen.eduboss	1
content_377997	1
comicabc	1
yzwb	1
www.jkcsw	1
children	1
news.cctv	1
www.worldmapfinder	1
down.zdnet	1
id_cf00xndm0mzy3ng==l	1
content_2797377	1
t-10932l	1
www.winrar	1
baicaozhishui	1
remen	1
bill_cpc?p=pom3kan$8aewygktlxcllrjulzllxypqlf31y07kxwjsllllg$jxlat6hreq874pm@$imylllll=&q=cglkpwfhbmppyszyptgmad0xnjg0ndq3mjamdj03jmm9twa=&url=http:	1
sou-2-???????3\xa6\xcc-0-0l	1
china	1
jindaochuanzhang.blog.sohu	1
edu31	1
playindex.do?lid=3437396&iid=16175825	1
currwx	1
dm.99770	1
bbs.cdqss	1
bill_cpc?p=4pesuqmf21ewygnslxcll3iolzlxgzbclfwbghtqikhsllllgzqvl2n$1kac$g$8llllll==&q=cglkpwhsamhlz2fuzyzypti0jmg9mty4ndq0nziwjny9nyzjpu8a&url=http:	1
suxingblog	1
x624079078	1
gta5pricing	1
www.haciq.gov	1
www.qzcbs	1
bill_search?p=x7wdtfpal@bwygnflxcllnizlzllxa44lj6fjgnfrc2nllllwsjjlqppb89hgzlllll=&q=cglkpxnvz291jni9oczopte2odq0ndcymcz2ptemyz1maa==&url=http:	1
sjm	1
shizheng	1
train.8684	1
dispbbs?boardid=16&id=353&page=1	1
www.bbboo	1
dispbbs?boardid=13&id=175&star=1&page=1	1
doorjoy	1
wwwzz	1
kl8l	1
viewthread.php?tid=55341&extra=page%3d3	1
www12host4free	1
txt	1
d_table_1	1
tianyabook	1
com11xp	1
army	1
browse	1
sxyc	1
hospital	1
b1003263	1
id_551240l	1
sms.wwwage	1
cnlistnewsdetail?tablename=dtlmb&guid=%7b38b4b8af-9fb9-11d7-965b-00a0c92674a3%7d	1
www.haoqzone	1
www.cjedu	1
tid_227349l	1
card20.silversand	1
dict?act=4	1
lady.163	1
show.php	1
canlan.blog.hexun	1
dispbbs?boardid=39&id=137945&page=&star=4	1
ea530c280225d692dc2f5c3e8a	1
qiye	1
www.3y3y	1
f6e73k00031h2ll	1
www.cxdb	1
mb	1
www.xinhuanet	1
www.21mishu	1
mu	1
again_in	1
id_1078383l	1
f?kz=359977944	1
u68	1
www.soundbitesdog	1
article_20_1_344833_1l	1
bbs.ganji	1
photo.sina	1
india	1
qiqqqiqq.blog.sohu	1
showhtml	1
bill_cpc?p=oalkag4hrgpwygn5lvlllnfqlyll4b5sllz1zf7klvosllllgzhvlamsce4sidj0llllll==&q=cglkpwfhbmppyszyptgmad0xnjg0ndq3mjamdj03jmm9twa=&url=http:	1
www.sxhbao	1
travel	1
www.dielianhua	1
playsong21233l	1
read.php?tid=65891	1
happygo_107325	1
w20	1
shaofei2000	1
bbs.bj.sina	1
v.9ku	1
redirect.php?tid=1412013&goto=lastpost	1
www.2008red	1
showthread.php?t=499964	1
www.splife	1
hot.stuccess	1
t20050722_33582	1
ent.enorth	1
www.cctv	1
nbpvizhe	1
datalib	1
www.cqvip	1
knowledgeexp	1
www.panlong123	1
wwwwmz	1
de4roiygyzwiysvs30yf9v0wc	1
ztzl	1
article203472350	1
www.93kb	1
www.sd.xinhuanet	1
down_85692l	1
html.hjsm.tom	1
f?kz=252150957	1
www.bffxprint	1
www.xiaoshengchu	1
view?bid=36&id=1182864&bname=%c8%cb%b5%bd%d6%d0%c4%ea&title=%d7%a3%d4%c5%b3%d8%c4%ab%d1%e2%c9%fa%c8%d5%bf%ec%c0%d6%a3%a1	1
zhicheng	1
musiclist?specialid=3427	1
caijing	1
www.hospline	1
mobile.163	1
www.digvod	1
digest	1
www.ylaaa	1
show_pro?id=3298	1
topic.csdn	1
www.btplus	1
74.53.27.4	1
www.blackwhoremovies	1
redirect.php?tid=1246&goto=lastpost	1
t20080528_15647722	1
www.myshevchenko	1
paopao	1
www.vipku	1
www.china1000	1
necolehuang.blog.sohu	1
show?id=40952	1
www.wl	1
tt0117333	1
club2.cat898	1
series_761l	1
id_1763552l	1
bbs.yahoo	1
z_waiyu	1
special_list	1
history2	1
www.11aaa	1
www.80665555	1
schools	1
content?stritem=worldlook&flag=1&idarticle=111617	1
hotcar?id=29	1
f?kz=376036977	1
blog_4a73d56401008ev2l	1
aixue.bb.iyaya	1
n226308519	1
shamelesschink.blogspot	1
czj_kjscyzgcj.jsp	1
www.ylxuan	1
www.yangtse	1
feeds	1
miniportal	1
www.cdol	1
e.44x33	1
www.chuguiwang	1
logs	1
www.toodou	1
bbs.fdc	1
www.tt8g	1
www.search.hc360	1
www.quanyo	1
www.iresult	1
gdxx	1
baijiaxin.info	1
sort05	1
quanzhengmaimaijiqiao	1
rd	1
content_574336	1
www.wdysh	1
cddt	1
techforum	1
12sx.dn51	1
gamesoft	1
gaoshanliuyun200.blog.163	1
zhpd	1
resume	1
hi.nipic	1
id_1049937l	1
article_content?id=1730	1
www.sjxyx	1
www.hbtv	1
www.daiyun789	1
www.if520	1
www.szxinliangdian	1
{c58cc658-25df-441f-9e0a-f3dc63155074}	1
xubo168.blog.sohu	1
www.xg707	1
v5-d1001366363l	1
dongman	1
www.51hejia	1
thread.php?tid=2150930002&bid=1934	1
film-music	1
cn.qikan	1
upload_doc	1
www.virgino	1
erkzhsh	1
thread-773466-1-1l	1
service	1
member_pic_346	1
top	1
\xa8\xa8??\xa8\xa8\xa8\xba\xa8\xae?\xa6\xccl	1
penrose.blog.sohu	1
www.huaxiazw	1
wwwfei	1
it.sohu	1
www.gamezero	1
hiyl	1
www.8bio	1
dxxdxx	1
bill_cpc?p=hdiz6zrv5fjwygktlxcll2rslzlx52nrlfabytfogzvsllllgzzolg0q1mdhtr55zhfyllllll==&q=cglkpty2nza1ntk1jni9mizopte2odq0ndcymcz2ptcmyz1paa==&url=http:	1
a972bbd0f81f17a27cl	1
subject_news_news143746653	1
content_4771120	1
sd.12530	1
caohongxin.blog.sohu	1
www.aiboy	1
74.86.190.186	1
flashmokuai	1
www.rumen8	1
de4r08xqdkslpvyfnj2duj49tpen	1
xzgaoshou	1
dances+with+wolves+john+barry+dances+with+wolves+john+barry	1
redirect.php?tid=2105044&goto=lastpost	1
h85hje3d8918	1
thread-c-375-764424-1l	1
ballarat	1
mini	1
qqkongjianflashmokuai	1
id_ce00xmtq1mde1ng==l	1
www.cc93	1
sanhc	1
tid-104554-page-1l	1
modern	1
readsubmain_8403119_0l	1
hyyy	1
comment080516	1
www.seawolfnet	1
fuchanke	1
index_bbs_show.php?b_id=4&s_id=146230	1
gps.pcpop	1
????\xa1\xe9|????do=index	1
?t31875l	1
lb5000	1
news.baidu	1
cu8sp8u00031h2ll	1
www.13iu	1
www.sinaxt	1
www.3gp2	1
www.smzy	1
hexun	1
id_960313l	1
cyworld	1
ruhebiyun	1
www.bjwzfh	1
letter	1
singer	1
splay.php?songid=522069	1
zzbbs.soufun	1
www.weather.gov.hk	1
n245949375	1
q19582536	1
feedback.php?arcid=74377	1
enterprise	1
www.my301	1
ts090035_4	1
suoduomacheng	1
thread-50457-1-1l	1
bill_cpc?p=nflivlqlbi2wygb9lxcllgshlzlx5qntlfakldnnys2sllllgyqqlgrdcdzdrdaf8z0yetmc8bglllll&q=cglkpxfpy2hlntexaggmcj0ynszopte2odq0ndcymcz2ptcmyz1paa==&url=http:	1
99sun.blog.sohu	1
content_1229104	1
x3	1
xpll	1
lizi	1
nj.focus	1
articleinfo.php?id=21820	1
man.icxo	1
www.xkli	1
www.3721kan	1
bill_cpc?p=dqsswlvg86vwygkplxclljz8lzlx2cnclfjfy87$b8csllllgbjvlar9zdgrza0kzewmerg$8b8prllllll=&q=cglkpwppytaymtymcj04jmg9mty4ndq0nziwjny9nyzjpu8a&url=http:	1
sh100680	1
n1072044	1
z4f1r0v6	1
n4015c86	1
article_show?articleid=11182	1
bill_cpc?p=cye3r8na9biwygkmlxclljz8lzlx2cnclfjfydhx1hcsllllgbvclar9zdgrza0kzewmerg$8b8prllllll=&q=cglkpwnozw5nahvpjni9mjmmad0xnjg0ndq3mjamdj03jmm9twa=&url=http:	1
zhiyezige_chaxun	1
dj	1
juemiaohaoziwei	1
read.php?209	1
dg	1
dx	1
dy	1
www.wranglerworld	1
dr	1
dispbbs?boardid=1&id=2266475	1
www.bjyq.gov	1
l?si=4	1
l?si=3	1
desktop.yesky	1
www.jiaodong	1
www.shittingmovies	1
www.bjwater.gov	1
cn.made-in-china	1
l?si=9	1
ask.lawtime	1
twsj	1
rs-bigworld-100-409955-409955-1185200199l	1
www.trueme	1
q1205810?pid=w.xg.ll	1
show_detail?id=08f7d729cc8c6f4133929a5cdb994645b8a6c03c	1
www.shun6	1
disaster	1
www.sanuu	1
content_5029113	1
item_detail-0db2-1de626cbe9c1df643cddde83349c1718.jhtml?pm=0	1
bbs.jconline	1
www.44654	1
av.people	1
www.91xiaohua	1
www.manhuashu	1
bill_cpc?p=mrboynuuxl2wygbjlj9lljr6lzlxnzablfawxtywogssllllgbhvlax0chlcd70ah5m@eklllll=&q=cglkpwppywp1mjizngvyjni9oczopte2odq0ndcymcz2ptcmyz1paa==&url=http:	1
xl.zg99	1
bar.sina	1
www.xuanhuashe	1
www.koudai8	1
event.ynet	1
zhdzj	1
www.fashionguide.tw	1
f?kz=208857467	1
www.fjycw	1
bbs.besgold	1
read.php?tid=306&fpage=3	1
www.real2000	1
quake2004picsl	1
smly1.web.qqqweb	1
wc	1
redirect.php?fid=47&tid=1732&goto=nextnewset	1
www.softhouse	1
thread-1803-1-1l	1
forum-42	1
html3	1
www.mypethome	1
xljk	1
www.ht69	1
www.bookcool	1
www.chinaenglish	1
yuejiancaoyou	1
www.livemx	1
info.gz-hongfeng	1
xxzs	1
wenzhang3?id=6751	1
gzdsb.gog	1
alumni.chinaren	1
a9f1199-8617-11dc-bf54-0014221f4662	1
www.sxwyjt	1
www.freestockings	1
diary.jiayuan	1
sy19.blog.sohu	1
dzh2.mop	1
tangshan30	1
bbs.100gps	1
topicdisplay-5005-830347-1l	1
bingo	1
www.9sky	1
www.ws61	1
bbseasy	1
indexl?pid=un_49439_1048_41_40003&flag=1&url=js.ct.10000&s=2007594027&e=9q8xhmyncbflws4wgpat9eligxbir8hxc0czu11ze1tdf7gufybfh5mawmvltd4adlgwxqtfqcto43xk9jviyuqafxfr0tchdouopbblxckg	1
ead9ad07ff83dfe1h213721	1
jx-ganzhou	1
www.138zt	1
wulinqishiludishiwubu--xunfang-gudianwenxue19043_1l	1
download.pcpop	1
xshch	1
?tid-13529l	1
articleshow?articleid=25	1
thread-9762989-1-1l	1
www.ting88	1
life	1
topicdisplay-3422-952976-1l	1
bbs.ngacn	1
66.90.68.150	1
www.ljzyyd	1
dispbbs?boardid=4&id=66144	1
viewthread.php?tid=18566	1
vod.wncpw	1
show_3a154e850379a177bd3103d6e0b5edd7l	1
f?kz=26648167	1
zhuanti2005	1
www.hanhuncn	1
3gp.ikmtv	1
www.136136	1
subcate372_221_list_1l	1
profiles.friendster	1
bbs.vogue	1
tjzy	1
beauty.xicn	1
read.php?tid=1327	1
hunan	1
www.83yy	1
campus.sohu	1
www.chinaacc	1
bill_search?p=zl3w2xbcccswygyflxcllnizlzllxa43lj6fjnoxzvinllllwslalf9hgzlllll=&q=cglkpxnvz291jni9mizopte2odq0ndcymcz2ptemyz1maa==&url=http:	1
www.domain	1
www.daqi	1
www.lfxp	1
video.hnce	1
bill_biz?p=2qxx6ocqj7iwygnvlllllni2lzlll$l1ll3k24$wlx9qlllllxrald5ahdpcidnzllllll==&q=cglkpxnvahumcj0xnczopte2odq0ndcymcz2ptemyz1paa==&url=http:	1
www.061118	1
sanguozhijianlongxiejiazaixianbofangl	1
topyl	1
hwz315429	1
f?kz=377131648	1
www.touzhu	1
q32942339	1
www.609.cc	1
ddmy.5d6d	1
www.travian	1
sort04	1
content_7596979	1
view?bid=62&id=57393&sty=0&tpg=12&ppg=1&age=0	1
forumdisplay.php?fid=8&page=2	1
templatea	1
www158	1
redirect.php?tid=25413&goto=lastpost	1
thread-28277-1-1l	1
%b0%ae%c2%e3%c9%ed	1
bbs.712100	1
www.e9898	1
n249576468	1
sex.39	1
gzmtr	1
se_w550l	1
product2%3fproductclassid=36	1
article213527222	1
www.51jiemeng	1
wwwcraftinfo	1
viewthread.php?tid=6679815&page=1&authorid=41466	1
wdleoufx	1
thread-c-66-734101-1l	1
brand00160	1
www.3liv	1
www.4305	1
showerr?boardid=10&errcodes=29&action=%bb%aa%b9%fa%b7%e5%cd%ac%d6%be%ca%c5%ca%c0	1
www.mtvku	1
q60455644	1
mail2000.tw	1
www.3t21	1
s151l	1
schoolqa_116796	1
ruraleconomics	1
chn	1
www.chinacar	1
www.ppg	1
specia	1
www.hudie	1
detail.php?id=1274875	1
qyml	1
d1a8psl0001124jl	1
bbs_viewart.rs?bid=108710&aid=11635588	1
unique	1
wenhua	1
zzjg	1
www.socang	1
www.qloo	1
txt.duowan	1
www.lm5588	1
www.gjsww	1
money.hexun	1
bbs.hongxiu	1
printpage?articleid=703	1
dir-more-nub-b06002-page-1l	1
www.163yu	1
leo5556	1
series?sortid=22&typeid=352	1
51	1
www.vvjob	1
newslist	1
news.gzhounew	1
www.englishxx	1
tid-888582l	1
www.gamecity.tw	1
www.gapeherass	1
v_mje0mtmwmdkl	1
115504.131409	1
d90c05f80c94afdf91e77209l	1
washer_index	1
bbs.sj	1
bill_cpc?p=na5b66lmm6qwygnblxcllxs1lzlx5q44lfapz2hmo7osllllgbtclaxjer42hhk3llllll==&q=cglkpwnozw5nahvpjni9mzemad0xnjg0ndq3mjamdj03jmm9twa=&url=http:	1
bbs.yizheng.gov	1
q34763028	1
???\xa8\xa6?????	1
b4haocai	1
z_zhengzhi	1
rlist	1
js.ct.10000	1
www.wchem	1
www.dearedu	1
list?prodid=0455	1
bbs.wedchina	1
spubbs	1
zw_content.jsp?topicid=294527	1
scdz	1
rmbsz	1
content_1465606	1
newspapers	1
liuwensheng7050.blog.sohu	1
curr32	1
forum_view_48_21739l	1
sports.sina	1
astro.lady.qq	1
ysyy.tlbaby	1
koreawave.sohu	1
tid-47022l	1
class_photos_more.php?class_id=46	1
viewthread.php?tid=4805&extra=&page=2	1
glmsm.blog.sohu	1
q56342146	1
article_show?articleid=10130&articlepage=6	1
comptedaxxl	1
www	1
options_,,1,,1,,,25	1
zkonghroyou	1
downlist	1
www.fotosearch.hk	1
www.waga114	1
n249115330	1
67.19.64.251	1
why?	1
www.cpsfu	1
show_thread----9735076-	1
s_223_1l	1
www.wushuschool	1
bill_cpc?p=9xqtjiks2dnwygk1lxcllxs1lzlx5q4blfapz2t3cvjsllllgbcvlaaps$lihtzellllll==&q=cglkpty2nza1ntk1jni9mjamad0xnjg0ndq3mjamdj03jmm9twa=&url=http:	1
article.php?id=74023&page=5	1
dispbbs?boardid=20&id=16316	1
zcm	1
dzsql	1
flea.shangdu	1
companyshow	1
htmlnews	1
yezimeiboba.blog.sohu	1
www.ce	1
so3	1
www6.tianya	1
63.223.89.214	1
wxtsfd	1
topic.php?topicid=121714&forumid=4	1
tv.etshow	1
l?from=zzsy03	1
tid-2413l	1
www.scatstar	1
www.bmsy	1
www.sh-an	1
prdz	1
bill_cpc?p=tavlyogrowpwygnblxcllnzglllxg0urlfwog2omw7ssllllgy1qlg5ls2k387ztllllll==&q=cglkpwppytaymtymcj0xnyzopte2odq0ndcymcz2ptcmyz1paa==&url=http:	1
www.mydcentre	1
down390l	1
xingbing	1
???\xa8\xa8?\xa1\xc0?|?:0,1,40,1,0,0,timespan,1,	1
content_1872146	1
sale	1
n250977966	1
bbs.news.sina	1
bbs.ylmf	1
content_6357553	1
?tid-621350l	1
www.jpgsky	1
bc.php?code=000839	1
www.11a	1
bbs.lessky	1
xkb	1
nb	1
je5b7ruyon0	1
tid-8118l	1
bbs.stnts	1
test	1
www.cdsp	1
www.cyrcbbs	1
picture	1
www.lkching7	1
bj.sina	1
ce6oc2c00051kmgl	1
content_915388	1
cnr	1
tpjmlns	1
weekend	1
www.tolib	1
www.jz5u	1
www.dianliang	1
modules	1
www.firpark	1
content_5406639	1
f?kz=281583007	1
wuxia	1
www.gp83888	1
blog999	1
landengin	1
id_cc00xmzazndc5ng==l	1
ishare.edu.sina	1
www.shanziba	1
fanpaopao	1
www.biaoche.bbs.ku6	1
flsj	1
h6598l	1
sucai.3lian	1
topic.php?from=channel_my&dust2=&pid=19507	1
www.icbc	1
qinglongdemeiren	1
www.pclady	1
www.tianyabook	1
www.lantianyu	1
viewnews?guid=50-53-57-52-49	1
yr0201.blog.sohu	1
chuangye	1
p_11l	1
www.meica	1
dispbbs?boardid=18&id=55201	1
lovelife	1
www.qicaispace	1
yuejiancaoyoul	1
glmj	1
www.6wei	1
person_resume	1
viewthread.php?tid=5694&extra=page%3d1&page=1	1
album_3124_2l	1
article.pchome	1
jianding	1
news.hexun	1
play.zol	1
www.yoyv	1
thread-35270-1-1l	1
www.leleju	1
bbs.fans	1
guba.eastmoney	1
tid-383633l	1
www.z6x8	1
meirong	1
www.guttt	1
www.hgtrade	1
www.gayconfirmed	1
?t2404368l	1
nxmcdd44.blog.sohu	1
n244017655	1
auto.163	1
www.itads	1
view817207607399167l	1
www.xxxmovieforum	1
u35	1
li9234	1
www.greatoo	1
mingxing	1
channel_19	1
cqbeer.pack	1
www.lycanon	1
bbs.feiku	1
xw_gn	1
tianzient	1
travel_ask_detail	1
www.fzl-qq	1
quzhai8	1
thread-12741-1-38l	1
9music	1
zgyncw.8hy	1
www.imdb	1
baf-11dc-84b2-0014221b798a	1
viewthread.php?tid=239003&extra=page%3d112	1
xiaoshengchu	1
ee57808d1f6b512l	1
shenmu	1
id_1079413l	1
cysc	1
digital-vision	1
www.jinti	1
www.xiaoyufans	1
www.51siwa	1
wwwwshow	1
www.ftls	1
article.hongxiu	1
uuu.www.97sese	1
www.0577mov	1
topic.cgi?forum=107&topic=4	1
www.zljt	1
www.ek51	1
showurl?id=2159	1
q37039794	1
www.oldwomanyounggirl	1
product_www	1
bbs1.hxsd	1
market	1
writer49l	1
content?id=914	1
views-of-the-earth	1
blog_560fba7801007wynl	1
viewthread_old.php?oldtid=364	1
lyhtml	1
topmsg	1
fyn09gis	1
hyatt	1
?source=ycont_ncp_ks&qid=1307081303571	1
live	1
d62316938	1
msg	1
list5_18l	1
www.gay-es	1
www.eresdown	1
www.dcfund	1
www.canyin	1
www.bt125	1
www.autohome	1
dqgcxc.xls	1
www.dlog	1
zhaishow	1
www.ziliao	1
i-bjykdxxx.2006.05l	1
car	1
westmed	1
can	1
www.wet123	1
enofferview_eqdxl464_79690_trade-offer	1
bbs.xs163	1
show_thread----9314819-	1
news.enorth	1
dv_rss?s=xhtml&boardid=12&id=2452&page=2	1
agent	1
bjtime	1
ask.39	1
k7gig1y5h	1
biji-1992581l	1
showtopic-3674-4	1
offerdocoment?tradeid=175644	1
oumeibtl	1
dress	1
nbastar	1
www.myxingming	1
75.125.189.75	1
q14259953	1
homepage.52samsung	1
17908	1
pages1	1
www.zhuatu	1
id_ca00xmzi0mdc3ng==l	1
blog.oeeee	1
www.163lawyer	1
www.sjzwlw	1
a-kjqbkfyjj200307090l	1
slbj	1
q57333791	1
www.136114	1
music.szzhan	1
www.hotbus	1
sx	1
topicother?t=5&boardid=22&id=134277	1
neidi	1
gjlb	1
b9g	1
www.atbag	1
www.cdfdc.gov	1
dv_rss?s=xhtml&boardid=130&id=6279	1
tech.sina	1
bbs.tfwed	1
webpage	1
xh_look?id=52	1
www.qinyang.ha	1
movie_2004	1
site.baidu	1
lyric	1
bbs.pcauto	1
www.china-ppt	1
www.d7ab	1
topicl_188059_3l	1
movie.lungpoon	1
content_2104896	1
a63g1a_iugzhejnql	1
thread-2713-1-1l	1
index_sh%3fid=sogouzt	1
article_show?articleid=10968&articlepage=2	1
subsortprot_159_p1l	1
zfxy.nankai.edu	1
msgview	1
ba4e82cf5b6e5bfde33bl	1
sub.zol	1
qq.qqjia	1
webabie	1
ls,------xgu5hjwqyxh2e------------------x3g4rjojvpe2wojxonsxgzow67jlg-----l	1
66.90.77.254	1
showtopic?forumid=23&topicid=9754&go=next	1
bbs.uubird	1
www.51mazda	1
mt.huzhai	1
topicother?t=5&boardid=35&id=22462&page=2	1
www.269vcd	1
edu.sina	1
~1~402	1
node11	1
post2_2102478_1l	1
cns!bc36be90586bf97f!324.entry	1
www.qqkxf	1
www.overseasstudy	1
chcbb0526	1
bbs.99fans	1
n250394404	1
world.people	1
mantoushan	1
showthread.php?t=793556	1
read_1424369l	1
www.250mm	1
www.dushu	1
tvguide.cctv	1
www.sohu	1
zhuti	1
detail?id=235642	1
www.10lu	1
hufupin	1
bbs.pspchina	1
fndc	1
songster	1
cn.jokes.yahoo	1
bbs.qianlong	1
www.xj.xinhuanet	1
content_695148	1
www.zizaiw	1
www.cs.ecitic	1
news.huash	1
dl-20040206152959	1
2008.163	1
cars	1
viewthread.php?fid=15&tid=43883&action=printable	1
www.jklife	1
8wish	1
club.friends.oeeee	1
wazg2008.spaces.live	1
?d?\xa1\xe3d??al	1
cpc.people	1
training	1
play_album-aid-381951_vid-mti5mdk0mdal	1
dianshiju	1
??????\xa8\xa8??%20or%20?-???2%20or%20\xa8\xa6???\xa1\xe3??\xa3\xa4?%20or%20\xa8\xa8\xa1\xec?\xa8\xa6\xa1\xe9?%20or%20?????\xa1\xe3???%20or%20?13\xa8\xa8??:0,1,10,1,0,0,,0,	1
product?id=16396	1
cache1.club.pps.tv	1
r-plan-327065-540-547-0l	1
id_948016l	1
www.xmtv	1
www.fhudy	1
www.hdsyzx	1
gdl.3721	1
index?source=image_result_zbj&p=luanlun	1
www.laiwunews	1
www.5doc	1
banxchengg	1
q51964328	1
view.php?fid=34864&tbid=2509&bbsid=4&subid=0	1
modo520	1
da141205	1
q32119405	1
www.mipang	1
xx	1
www.niaoshu	1
n256398375	1
www.boysky	1
www.qidian	1
bbs.nou.edu.tw	1
topic.cgi?forum=4&topic=770&show=0	1
@787624	1
shuku	1
q6q5	1
content.php?msgpid=qy6bfqre	1
banzou51.blog.sohu	1
read-ylmf-tid-100177-page-e-fpage-14l	1
content_1851548	1
f?kz=379453038	1
ci00f671307o9p33l	1
?k=bbdarin-peerless	1
disp?id=4053	1
www.010tz	1
renwu	1
cmdt	1
www.sjhdm	1
66.90.93.183	1
www.gzsg	1
pylz	1
www.me1	1
zhengfu	1
www.tgjjw	1
r	1
topic_1_15_1155971__2005l	1
dlgame.pchome	1
?tid-39031l	1
ghwang1980.blog.sohu	1
bbs.kuankuan	1
n47381c122	1
book.news.sina	1
topics	1
video.pplive	1
n257150319?	1
bbs.resz	1
download_client.php	1
rent	1
onlylove-fangfei.blog.sohu	1
www.goodbaby	1
a.22uo	1
www.qy6	1
club.pchome	1
world_geography	1
www.csi	1
www.anxz	1
channel	1
jingdianduanxin	1
id_325471l	1
bbs.jpu.edu	1
article_19040_1	1
q63184207	1
track	1
zhmh.bbs.id666	1
www.zzstep	1
tid-773466l	1
www.52eshu	1
www.77bbbbb	1
icon	1
duibi	1
www.joyo	1
www.aizbing	1
www.shanliao	1
a8.ent.tom	1
q.yesky	1
globaltimes	1
www.uurao	1
link	1
66.90.113.138	1
fucking-machines-tgp.topmegapornos	1
www.dvd2	1
www.17k	1
data.movie.xunlei	1
yoao174.blog.sohu	1
help	1
bbsmessagelist.act?currentpage=1&bbsthreadid=1487551	1
www.52hxw	1
g40064c5i3605s0p0l	1
qlist05l	1
topic.jsp?tid=404144&topicpage=1	1
viewtopic.php?p=20915	1
www.jixie158	1
product?product_id=9280937	1
content_8256301	1
grxz	1
dyy	1
www.315wm	1
www.mtt8	1
sina.hd	1
thread.php?tid=7561&extra=page%3d10	1
quanzhengfafa.blog.sohu	1
www.sports	1
resource	1
www.china84	1
www.gscn	1
oi27	1
qianyinche	1
www.nokia	1
www.100ye	1
jokes	1
luchengsemeimeitupianhuangzhanl	1
n_chinam	1
series?sortid=41&typeid=174	1
post_1536075_1l	1
jkls	1
showthread.php?t=7901	1
nbbbs.ccw	1
series_445l	1
www.showcooltv	1
www.oldtransexuals	1
sport	1
xifuyizhan.blog.sohu	1
ency	1
www.examlink	1
www.52njl	1
3.4c5k	1
healthqa	1
review	1
cha.ganji	1
www.hljnews	1
chuguishejizouxiang	1
read_1706643l	1
www.ubee	1
zhenli	1
yjzc	1
cutiegallerys	1
www.zshine	1
bbs.orzgay	1
cutyournipples	1
id=168&pn=0l	1
id_369181l	1
www.osta	1
www.dphoto	1
www.taoteng	1
sjqg	1
cc00f1598077o9p38l	1
www.shaccp	1
wwwread	1
www.29192	1
?mh_id=2004368233	1
topic_show.jsp?id=3453829&oldpage=1&thesisid=149&flag=topic1	1
bbs.wtojob	1
www.bookzx	1
www.time-for-scat	1
www.lewiscopublichealth	1
www.sqwyt	1
firewall	1
news.chinacars	1
www.go007	1
dbyza	1
post2_2778569_1l	1
product?uid=a7sgc7ynkwwsu57mmss77saua&pageletid=guilin&prodid=pcrj612002&ref=gt_ts	1
decs1jnlslgpdikzariw==	1
show_article.php?tid=1204874	1
f?kz=104785136	1
bill_cpc?p=isffk8evwadwygy9lxcllvlplzlxgtq2lfjxrho2p1qsllllgzhvlg0hs5fiia5gh$bvc2pcllllll==&q=cglkpwfhbmppyszyptgmad0xnjg0ndq3mjamdj03jmm9twa=&url=http:	1
dfmz20082008.blog.sohu	1
www.sp-888	1
liehuo2	1
fund.eastmoney	1
people.rednet	1
www.gov	1
id_cb00xmzcznzc2oa==l	1
www.xunleiwang	1
album-aid-1694603l	1
ldianqi	1
yidong	1
jd_opus	1
bbs.speedyou	1
yzs	1
yzt	1
showerr?boardid=377&errcodes=29&action=%cf%e3%b8%db%d2%bb%bc%b6+%cf%e3%b8%db%d2%bb%bc%b6%d3%b0%c6%ac+%cf%e3%b8%db%d2%bb%bc%b6%d1%de%d0%c7+%cf%e3%b8%db%d2%bb%bc%b6%c6%ac%c3%fb+%cf%e3%b8%db%d2%bb%bc%b6%d3%b0%c6%ac%b2%a5%b7%c5+%cf%e3%b8%db%d2%bb%bc%b6%c5%ae%d0%c7	1
datalib.ent.qq	1
bill_cpc?p=$dxb$9selscwygtilxcll4thlzlx5sjulfakw07kn8qsllllgyavlaxjerptc7elllllll==&q=cglkpwfhbmppyszyptgmad0xnjg0ndq3mjamdj03jmm9twa=&url=http:	1
jjly	1
antivirus	1
photos	1
www.bandari	1
active.zgjrw	1
sound	1
bbs.edu.sina	1
viewthread.php?tid=245312	1
dispbbs?boardid=11&id=42846&page=1	1
xia0-yu-er.blog.sohu	1
thread.php?fid=23&type=4	1
content_8282841	1
shenzhengyu87878.blog.sohu	1
announce?boardid=30&id=8715069&ac=nxt&rd=8758287	1
bbs.chinamac	1
www.66y8	1
qxkj	1
xiazai.zol	1
www.qishi	1
www.qqski	1
sid=53407l	1
picturedetail_20618714_529534_20483522	1
club.sports.sohu	1
www.bibidu	1
q28472277	1
f09dc9010005q6	1
www.ccidcom	1
info?uid=182634	1
f6534889cf780efdc0da5d8l	1
e.yy4q	1
friendster	1
doctor	1
v_e399e5ce3e4f6l	1
redirect.php?tid=19385&goto=newpost	1
www.qqhii	1
www.555ay	1
www.1m1m	1
www.qxzc	1
www.bj.xinhuanet	1
s.sohu	1
bizhi_1555l	1
play_album-aid-1861355_vid-mtc3mzuxmjcl	1
www.chinabpr	1
bbs.wichina	1
thread-4552-1-1l	1
moguixiaojieba	1
d67721661	1
content_6715361	1
www.jmnews	1
www.rockyn	1
www.778xx	1
n257155548	1
bill_cpc?p=xwz2orjzfzewygkmlxcllrp7lzlxga4clfw05463qknsllllgzhvlgtczmwiia5gh$bvc2pcllllll==&q=cglkpty2nza1ntk1jni9oczopte2odq0ndcymcz2ptcmyz1paa==&url=http:	1
dispbbs_294_3508746l	1
dances+with+wolves+john+barry+dances+with+wolves+john+barry+	1
bbs.psp-xo	1
bookabout?bid=12804	1
www.adultwinner	1
ps2	1
weekly	1
www.7777movies	1
www.djbcxx	1
xbxxw	1
www.yoyohz	1
was40	1
kuanye	1
www.ewsos	1
www.kyday	1
lihualizi	1
player_26643l	1
weffe1.blog.163	1
bill_cpc?p=9dgxgzygeuewygpxlxclljz8lzlx2cnclfjfytxjjcnsllllgbjvlar9zdgrza0kzewmerg$8b8prllllll=&q=cglkpwnozw5nahvpjni9oczopte2odq0ndcymcz2ptcmyz1paa==&url=http:	1
topicother?t=5&boardid=3&id=7714	1
www.tudoutv	1
chye	1
haerbin.8684	1
www.hackerbbs	1
bbs.mp4sky	1
read.php?tid=15468	1
psp	1
www.91mtv	1
lady	1
4.ttwyt	1
k.wangyou	1
redirect.php?fid=183&tid=25285&goto=nextoldset	1
www.17173	1
t	1
www.jqgay	1
chanpin?cp=%b8%a3%cc%d8%b8%a3%bf%cb%cb%b9%c1%bd%cf%e1%b8%c4%d7%b0	1
www.isgay	1
blog.lanyue	1
www.ndcnc.gov	1
article?id=321	1
www.zhulang	1
poi	1
www.xiao77xiao77xiao77	1
desk.zol	1
www.xxinfo.ha	1
wenmi	1
read.php?tid=31074	1
www.78b	1
beijing.ttfy	1
search.sz.gov	1
news.hnce	1
studyenglish	1
www.qwgt	1
zh8943245451211700214472-0	1
xuewei	1
r_cysx	1
down.zzadmin	1
www.789	1
carploy	1
www.zgygw	1
nayingl	1
women.xilu	1
news.163	1
bill_cpc?p=pudryf6rfniwygtolxcllxs1lzlx5uc1lfapz463g@esllllgbhvlatzh2rlebapmtxp7ylllll=&q=cglkpwppytaymtymcj04jmg9mty4ndq0nziwjny9nyzjpu8a&url=http:	1
www.motoyes	1
wujiaxiangblog.blog.sohu	1
www.creweekly	1
zfb.3322	1
newsfol	1
www.instrument	1
xf.nen	1
n247762227	1
ok	1
www.qvyo	1
thread-972512-1-1l	1
www.mtime	1
www.afc.idv.tw	1
hktw	1
niuyou_com_4795l	1
xiangxi21634l	1
image	1
viewthread.php?tid=265794	1
bbb	1
p1167853l	1
bbs.szcw	1
www.ywtd	1
jiemu	1
www.ycwb	1
www.zhenji-toner	1
www.souchang	1
area	1
starl	1
article_show?articleid=11366&articlepage=2	1
?t713570l	1
treeforum	1
www.xnlala	1
bbs.sh.liba	1
renzhiqiang	1
showarticle?articleid=606	1
women.scol	1
bbs.5dapple	1
bbs.csxxg	1
class?aid=31&nid=274	1
iask.baby.sina	1
n253022885	1
bill_cpc?p=jfy9odrc@4iwygktljllljitlzlxghkjlfws$gficdisllllgzzolgtczmwiia5gh$bvc2pcllllll==&q=cglkpty2nza1ntk1jni9mizopte2odq0ndcymcz2ptcmyz1paa==&url=http:	1
t-g,giytqobzhi2dinrrgq--g,hm5twmrrha4dsosumvsw22lyf7gozq6a2lra--g,ojsxgzlsozsv64dsnfrwkwzygawdcmbqgaydambqgboq----------2-------b-y-40-grid-coefp-0-all-50006843	1
shop33899344.taobao	1
club.mil.news.sohu	1
www.szaptech	1
www.free1688	1
zy32	1
q58849631	1
litros_226l	1
kaoyan	1
his	1
pseudo	1
af7499e-91a8-11dc-8918-00142218fc6e	1
general	1
viewthread.php?tid=273038&extra=page%3d1	1
www.tiansou	1
thread-1408047-1-17l	1
fileid.cgi?fileid=2856759	1
www.cemsg	1
tid-891161l	1
show_guide---guide-6161876-	1
n257122448	1
lizil	1
www.vaporetermale	1
??-\xa8\xa8??	1
a_386l	1
company.zhaopin	1
www.17net	1
img.5ilog	1
cuijian2008	1
bbs.taisha	1
s6kh46b00031h2ll	1
fscm	1
id_1000589l	1
www.gzqz	1
bjxiehe	1
a3	1
rw	1
desktop.15651	1
novel.hongxiu	1
zhanzhengpian	1
legal	1
tid-93698l	1
id_202885l	1
viewthread.php?tid=30229&extra=page%3d1	1
www.northeast	1
www.china001	1
blog.niwota	1
article_31241l	1
fanwen	1
dispbbs?boardid=35&id=3709&page=1	1
v_38d7f1c12ea72l	1
hongdou2.gxnews	1
www.niuyou	1
article_10279_1	1
n247801384	1
auction1.taobao	1
www.stephylove	1
forum-16	1
hp	1
liqixianjin.b2b.hc360	1
wwwemag	1
www.coipn	1
789848	1
f?kz=345250044	1
content_3969021	1
qq4594236.blog.sohu	1
www.scatlover	1
www.yy8844	1
?id=3495603&mastercode=465	1
tv	1
bj.city8	1
www.lhctop	1
rent.soufun	1
unionmore	1
gzrb.gog	1
program	1
www.citw2008	1
www.bridgestone	1
ijb72dif	1
forum-171	1
?tid-23677l	1
wuker.blog.hexun	1
www.zuoaitu	1
qahtml	1
baidu	1
www.haoyantai	1
www.8star	1
companys?companyid=5586966	1
show_thread-118-2--5994452-	1
www.863p	1
read.php?tid=1592205&fpage=4	1
www.ttnba	1
diary	1
litros_498l	1
rm	1
www.21xin	1
hakkaonline	1
content_7284509	1
www.777mn	1
hotcar	1
price.ea3w	1
www.china	1
xx2687.blog.sohu	1
wsw	1
node5	1
slfydxx	1
www.fmprc.gov	1
n247375573	1
play_album-aid-1588030_vid-mty0nzi0mdul	1
article_show?articleid=10430&articlepage=4	1
content_2701330	1
iq8	1
html_2	1
zajq	1
www.zhongyangsh	1
grzj	1
viewdetail.jsp?id=101945	1
articleinfo.php?id=5227	1
bvvujec00032mtml	1
chengji	1
xiangxi?id=23619	1
www.xk99	1
video.sznews	1
kankan.xunlei	1
dispbbs?boardid=8&id=324413&page=8	1
www.51daifu	1
q_?\xa3\xa4\xa3\xa4??1??\xa1\xa7\xa8\xa6??	1
155040415.blog.sohu	1
hpprint	1
rerape	1
www.100xiaoshuo	1
www.55www	1
www.xcb8	1
user_show	1
q13807399	1
x-space-x.spaces.live	1
import-export	1
business.it168	1
bill_cpc?p=poimgusbxuowygkul9yll4bnlzlx5vkllj6up2tldyisllllgz8vlgrqm@rf87mtsf$toklllll=&q=cglkpwnozw5nahvpjni9mtimad0xnjg0ndq3mjamdj03jmm9twa=&url=http:	1
topic-861197l	1
zhenzai	1
www.xmgas	1
redirect.php?tid=190369&goto=lastpost	1
world.eastday	1
edu.online.sh	1
chanye.finance.sina	1
www.xmlcn	1
www.hjbbs	1
vip	1
www.dagamer	1
shixi	1
www.envtech	1
shiti	1
dispbbs?boardid=8&id=216&page=1	1
gxfc	1
long0851	1
l?wtp=tt	1
6	1
teleplay	1
chun1989111.spaces.live	1
company	1
stu1.huanggao	1
cctv.mtime	1
topic.cgi?forum=1&topic=89&show=	1
www.jyjj.gov	1
zjbg	1
www.fenbei	1
subcate268_list_1l	1
pdf5	1
finance.qq	1
www.srzc	1
map.sogou	1
d70998331	1
97sese	1
main%3fpage=1	1
firice.blog.sohu	1
bbs.cpcw	1
fajutc9gavk	1
bill_cpc?p=3lfk7jjnfacwygtmlxcllx$tlyllvselllnwghmrt$isllllgoaxlax0ch1khwk31dwo8naprgg9hwglllll&q=cglkpwfiyzeymyzyptgmad0xnjg0ndq3mjamdj03jmm9twa=&url=http:	1
post.pplive	1
www.okwang	1
www.zx.chengdu.gov	1
id_cb00xmjiwmtgxng==l	1
?t92265l	1
www.scpta.gov	1
xynews?id=1920	1
smbingnvhuang2007.spaces.live	1
www.mytopic	1
zhiwei_msg?solid=ccjebi9fpcpeh2s	1
newssite	1
news100	1
fl37q7c00031h2ll	1
wxinfo	1
\xa1\xc0\xa1\xc0??\xa8\xbad2y??\xa1\xe4\xa8\xae?\xa1\xec3?	1
208.109.180.186	1
www.33ddd	1
bbs.trends	1
www.fus	1
www.72home	1
bbs.958shop	1
www.rz163	1
cc187727611	1
yxy	1
class32	1
down4864l	1
www.csi.ac	1
fz	1
read.php?tid-24841-page-e-fpage-1l	1
dv_rss?s=xhtml&boardid=1&id=4379&page=6	1
sxwmd	1
fc	1
free.21cn	1
q8527818	1
fm	1
dzh.mop	1
jiang	1
www.33bbb	1
show_thread----15036366-	1
q17386643	1
starshtml	1
zixun	1
nbxs	1
hzsq	1
p_memo.php?p_id=1428314	1
photoshow	1
video_3a	1
softweb	1
xiao480.blog.china	1
trade	1
yxmj	1
organize	1
list.taobao	1
q6818870	1
readques_7063355_0_0l	1
www.emb666	1
taiwan070325fl	1
www.zhangxiaoyu.cc	1
style	1
tid-22169l	1
a-zgxlwszz200302023l	1
wwwmdb	1
catalog	1
jamess	1
q57718046	1
bbs.17173	1
cngame	1
forum.xitek	1
www.hzjdyl	1
songstermtv	1
bill_cpc?p=nsfuj2@v3mowygkmlxcllr6ylzllu2qbljandlo3zqisllllgbzqlapes$xp7ben1f4aoklllll=&q=cglkpty2nza1ntk1jni9mszopte2odq0ndcymcz2ptcmyz1paa==&url=http:	1
video.sina	1
bookinfo	1
yx	1
wsfz	1
yz	1
ringsort	1
k_%b0%dd%c8%aa	1
???\xa8\xa6??:0,1,20,1,0,0,audittime,0,	1
www.izhufu	1
view.news.qq	1
viewthread.php?fid=1&tid=53495	1
yanqing2006	1
www.ppcn	1
ent.people	1
?bb=%c5%b7%c3%c0bt%c2%db%cc%b3	1
zhangxiaoyu-dian	1
d7c0-b426-11dc-abb1-0014221f4662	1
zonghe	1
www.fw99	1
kongjianjiqiao	1
mental	1
house	1
www.mykof	1
www.govyi	1
www.520eagle	1
showannounce.php?board_id=124&topic_id=2085908	1
book.sooyuu	1
shang	1
www.bookdown	1
so.cococ	1
dbxnxb	1
stu1_course	1
www.joyloft	1
n257172074	1
photo.67	1
cd.qq	1
lovechul.ifensi	1
infos	1
view.php?bbsid=34&subid=7&fid=149191&tbid=7281	1
quick	1
www.yesky	1
army_113139	1
tw.page.bid.yahoo	1
gaodingquan.blog.sohu	1
mobile.139shop	1
piclist_724_0	1
www.peakdestination	1
ca_o_gen_love@126	1
wenjiabao	1
hww_525	1
content_5792651	1
room65942	1
www.sosyao	1
show_thread----12939957-	1
downloadl	1
series-22551l	1
show2.php?zhut=7&bh=331815	1
content_1513791	1
l_j_77	1
www.juqile	1
?p=860	1
fancy	1
alexa.chinaz	1
www.9ku.ac	1
ztinfo.php?id=41	1
kobe	1
hydt	1
newsview?id=160	1
www.haotushu	1
nsichuan	1
script	1
dispbbs?boardid=19&id=25867	1
nian	1
s5y0	1
product_1281845	1
@1630807	1
n539_455254l	1
www.chbdx	1
index.pl?softbug=cop=&page=84&usedz=	1
info-18755l	1
gansu	1
yinyue	1
www.jiaonanzx.gov	1
www.nilongdao	1
iask.lining.sina	1
n251597777	1
special?id=7207	1
www.gamenets	1
l?fr=idvt	1
www.haha365	1
u.youku	1
dl.pconline	1
www.zxxk	1
gdwx	1
periodical.articles	1
subsortprot	1
guoq	1
www.tubaba	1
bazhao.blogbus	1
id_cg00xmji4mziwl	1
www.scwst.gov	1
view.php?select_date=2007-12-13&web_id=35068&type=search_key&method=updown&stype=	1
www.xawb	1
folder7	1
tfl	1
id_cd00xmtcxndc5mg==l	1
www.d1999	1
bbs.zj.vnet	1
ent.daqi	1
detaill?u=3033981	1
www.fuckrape	1
t20070601_105487	1
family.fh21	1
thread-59453-1-1l	1
bill_cpc?p=mg9eklu2nbxwygnblxcllnzglllxg0uulfwog4hpufhsllllgylclg5ls2kxrgscs25rhzlllll=&q=cglkpwnozw5nahvpjni9mjcmad0xnjg0ndq3mjamdj03jmm9twa=&url=http:	1
sell	1
www.q-mi	1
thread-83197-1-8l	1
geely_new_logol	1
video.baidu	1
www.waihui5	1
www.wikilib	1
bt.sogua	1
lit	1
jtjc@alexa_more	1
detail.zol	1
www.wj78	1
softview	1
xzgs	1
tjzy200405021l	1
canvas_wine_at_hyatt_hill_country.pdf	1
jsp	1
zishengtang	1
?\xa1\xe8\xa8\xa8\xa1\xa5	1
news.nen	1
userobject1ai42188l	1
content_1410828	1
www.mom-boy	1
bbs.citybrother	1
wenxue	1
%3fid=sgdy	1
www.beiwaionline	1
ke	1
bill_cpc?p=csjldsluv7iwygkllxcllxs1lzlx5q44lfapz46gdyjsllllgb8vlaxjer42hhk3llllll==&q=cglkpwrvbmdiddy4oczypteyjmg9mty4ndq0nziwjny9nyzjpu8a&url=http:	1
www.52geci	1
parameter00256_000000932_2100_1l	1
www.powercrm	1
ynyjd	1
ky	1
film19_1l	1
www.d7semimi	1
www.9gly	1
www.hfdzj.gov	1
sznews.oeeee	1
golf	1
aoshu.juren	1
sex.yingirl	1
www.zgxbzlw	1
www.jclm.tw	1
dljl	1
bianjingzhidi	1
www.365zfw	1
www.yue365	1
id_ce00xmti1mtgwndq=l	1
life.qianlong	1
n243877925	1
dj520	1
www.9t2t	1
index_47	1
topic.php?pid=69629	1
showarticle?articleid=401	1
tangshandizhen	1
e13	1
showtopic?forumid=16&topicid=77791&go=prev	1
www.mydown	1
,1l	1
www.vicnc	1
tag__schoolgirl__5l	1
s256802553	1
musou3_win	1
hbcw.hndt	1
opinion.people	1
topicother?t=5&boardid=8&id=14950	1
?tid-682141l	1
www.quanxue	1
www.54tz	1
bj.house.sina	1
huanqiushibao	1
b823852	1
bill_cpc?p=$ktckyjo1iiwygn5lxcll4bnlzlx5vk8lj6up2nnys2sllllgzlqlgtczmkf87mtsf$toklllll=&q=cglkpwnozw5nahvpjni9mjumad0xnjg0ndq3mjamdj03jmm9twa=&url=http:	1
q22954651	1
q38071503	1
international	1
www.jmss	1
merchandise	1
www.15766	1
www.yeelan	1
topic_389240l	1
www.rct8	1
www.us32	1
www.wenshuku	1
b60q	1
chglx	1
gz.focus	1
n224047207	1
thread-46935-1-1l	1
emas	1
club.qingdaonews	1
forum-32	1
intro2?id=69915	1
epaper	1
culture	1
rxjh.17game	1
blog.readnovel	1
xbzl	1
mimitracy.blog.sohu	1
earthquake_helpl	1
ycweb	1
youth	1
auto.shangdu	1
www.dqgc	1
bbs.ynet	1
content_712855	1
zhanzheng	1
videolist	1
rs1l	1
content?flag=1	1
law	1
www.redflagcomm	1
star.tvsou	1
www.boopo	1
www.isocgw	1
www.23cp	1
www.moutaichina	1
www.openow	1
topic.php?pid=6495	1
www.xzqh	1
informationtimes.dayoo	1
bill_cpc?p=ty6dqk9d0ljwygnnlxcllnkklzlxnrohlfa972o5pdnsllllgyavlgmmmkmedb8tllllll==&q=cglkpwhsamhlz2fuzyzyptgmad0xnjg0ndq3mjamdj03jmm9twa=&url=http:	1
www.vgogo	1
www.hinews	1
www.naody	1
www.dtsyzx	1
www.aoshu	1
www.asianpornvids	1
bbs.btbbt	1
current_news	1
car.autohome	1
www.hp-china.biz	1
wc.80xp	1
content_7985653	1
supply	1
edu3	1
www.020cm	1
gbook?page=5	1
?p=606&akst_action=share-this	1
printpage.cgi?forum=17&topic=22597	1
tech.itjj	1
q.sohu	1
daquan	1
bill_cpc?p=8bln7q$ep7bwygnqlxcllgshlzlx5qnclfakldojwpisllllgyfolahshar2$2rv8eg27zlllll=&q=cglkpty2nza1ntk1jni9mtqmad0xnjg0ndq3mjamdj03jmm9twa=&url=http:	1
www.gamespot	1
news146983203	1
pc	1
cnread1	1
pk	1
newsinfo?pkid=3884	1
pl	1
www.197info	1
celeb_81348l	1
counselling	1
,1052287,gubal	1
dc8e0c06e1c1d534304	1
show_hdr.php?xname=ppddmv0&dname=5d6uj31&xpos=1	1
jxsr	1
?p=2343	1
www.leocn	1
wlyx	1
nc.havod	1
p2	1
?t34146l	1
bbs.spforum	1
qzsz	1
paper53	1
healthy	1
f_gxx	1
bill_cpc?p=1invtp6tkkowygkfl$ollnu4lzlxgcrtlfjrcflikgssllllgzlola8phmnem7gk1bulllll&q=cglkpty2njkxmszypti2jmg9mty4ndq0nziwjny9nyzjpu8a&url=http:	1
aac75ec203c172e63249e624f9884c2ci0a	1
www.wgood	1
paper140	1
vod	1
www.bniu	1
club.yule.sohu	1
jpg	1
bill_search?p=ihuquskigiiwygkglxdllnizlzlxgkp8lf4vfrhelvxnlllljfthld5n8etlllll&q=cglkpxnvz291jni9mzemad0xnjg0ndq3mjamdj0xjmm9taa=&url=http:	1
list?id=1654	1
www.yuyuan.cc	1
bbs.newssc	1
bbs.cscu.cc	1
netshow	1
zahui1	1
bbs.icxo	1
www.hx188	1
film.hn430	1
www.gznet	1
katong6702l	1
read	1
n249762812	1
dgv115	1
view.jsp?oid=23423617	1
fzlho	1
www.chinadaily	1
www.touziyimin	1
c66fb44d7b4b2dl	1
chinaneast.xinhuanet	1
literature	1
www2che	1
mentalworld	1
sys	1
www.scol	1
user	1
bill_cpc?p=bjswnq0xg@bwygyilxcll5xzlzlx2uzwlfwkddotjdiqllll9xrvlbgx1ellllll&q=cglkpxnvahumcj0xmyzopte2odq0ndcymcz2ptemyz1paa==&url=http:	1
word2007	1
zhenli6	1
liuchan	1
health.newlife-bj	1
showpost?menu=next&forumid=41&threadid=29795	1
bbs_viewart.rs?bid=108710&aid=12457203	1
socbbs	1
ent.jinghua	1
woaide	1
user.younet	1
person	1
nshow_id_07042514501120	1
w76	1
lee-z0227.blog.sohu	1
www.freestreamtv	1
lz.shulink	1
quanzheng	1
www.shoujiz	1
taiwan	1
bbs.2500sz	1
www.51	1
dirlist	1
www.21page	1
www.chinajade	1
a.57cao	1
www.kjzj	1
id_ch00xnzezntu0na==l	1
star_1_2816	1
www.xqcb	1
bin	1
q59165793	1
yanziha.pengpeng	1
yigmmshow.spaces.live	1
www.gsyzx	1
www.4399	1
main_dj	1
ubta	1
cdcity	1
newshtml	1
www.holhotel	1
printpage?boardid=33&id=13153	1
www.haiguinet	1
gamebbs.enet	1
maptown	1
frtid	1
viewthread.php?tid=9809&extra=page%3d5	1
fengliuqingse	1
p83l	1
content-560305l	1
www.2x-aomi	1
tid-143972l	1
cn.supplierlist	1
b2	1
www.esalestraining	1
newsletter	1
s99m	1
www.villia	1
www.yancheng.gov	1
www.douban	1
ls_song	1
content_635516	1
peopleshow?id=193637	1
viewthread.php?tid=1963&extra=page%3d102	1
hotels	1
a.09sese	1
bb	1
r-war_pics-443765-0-0-0l	1
bbs.mediachina	1
f?kz=137084315	1
nnxing	1
jokes_83654l	1
fileasp	1
bbs.3yainfo	1
brand.jsp?bid=10	1
www.seobox	1
c557bb629355fba4bd80cc7d76fd6f3e228845568	1
www.xfuedu	1
www.hynu.edu	1
pfd	1
ahwomen:8080	1
www.yanbao-bmw-motorrad	1
jjzg	1
pinglun	1
bill_search?p=@gkizaj9q7bwygqelxcllwfslzlx543rlfazsgybd0inllllwcaxlg$hzef3eesiskllllll&q=cglkpxnvz291jni9oczopte2odq0ndcymcz2ptemyz1maa==&url=http:	1
printpage?boardid=1&id=1381964	1
aboutus	1
thread-2181298-1-5l	1
kikishan.blog.sohu	1
www.yfvb	1
www.av115	1
view.php?bbsid=140&subid=2&fid=86207&tbid=2663&p=goto0	1
s2005	1
sports	1
www.jinkangdu	1
www.xqpo	1
download.it	1
bill_cpc?p=ltjpglqs@wiwygynlfzll2prlzlx2kkvlfjevg6jakisllllgjjjlt5lh21lllll&q=cglkpxnqmje4y29tjni9oczopte2odq0ndcymcz2ptcmyz1paa==&url=http:	1
kugoo	1
fendou	1
sm\xa8\xa8\xa1\xea????	1
jqgqs	1
www.shangjie.biz	1
gb2000	1
www.cfdd	1
www.9aiyy	1
wangyoudipan	1
xllb	1
pic_detail.php?&classid=129&photoid=161698	1
dddddd.pdf	1
id_cd00xodgymjuyna==l	1
id_cd00xmtgwmdg1nty=l	1
sese-www97sesecom	1
article_show?articleid=10767&articlepage=3	1
edu.qq	1
www.a	1
cathyhuixin.blog.sohu	1
entertainment.anhuinews	1
uv	1
q30179422	1
movie1088	1
topic-109079l	1
rbt.sohu	1
f?kz=322031695	1
lys	1
www.meizu	1
www.laluchina	1
topic.cgi?forum=7&topic=786&changemode=1	1
cure	1
chat	1
210.51.2.104	1
search.dukuai	1
?\xa1\xc0\xa1\xc0\xa8\xa8\xa3\xa4??13\xa8\xa6?\xa3\xa4???\xa8\xa6????\xa1\xa7????????\xa1\xa7?\xa1\xa4\xa3\xa4\xa8\xa8?o?????\xa1\xa5???l	1
cd.focus	1
www.a12345	1
yinengjingfenlansiqunl	1
www.nansir	1
?t66868l	1
shnnshop	1
c_5465736	1
web.xwwb	1
club.qd.sd	1
bbs.jcwcn	1
www.52samsung	1
e2007l	1
www.ekouyu	1
www.zgcmr	1
fuchanke26387l	1
www.laifu	1
www.town-cn	1
dannybbs	1
picinfo_1511724l	1
bbs-251978-1-1l	1
www.thefirst	1
letter.jsp?id=122460	1
psp.gamehome.tv	1
id_551710l	1
www.txtbbs	1
www.36xp	1
article?id=156	1
www.szea	1
pic.lxun	1
www.btxbt	1
www.i-163	1
ruanjianxiazai	1
www.5m1	1
id_8073099l	1
msoft	1
bbs.kaoyan	1
edu	1
productsshow?pid=80&bid=2&sid=19	1
huaijiu	1
gl	1
img.blog.163	1
www.shciq.gov	1
xk.yahoo	1
69.93.192.7	1
yjsy	1
post2_1340502_1l	1
read.php?tid=174067	1
shack	1
mingrendetails	1
people.sina	1
showthread.php?threadid=510942	1
y8_1_8	1
showerr?boardid=259&errcodes=29&action=3p+4p+%b7%f2%c6%de%bd%bb%bb%bb%be%ad%c0%fa+%b7%f2%c6%de3p%d0%a1%cb%b5+%b7%f2%c6%de3p%be%ad%c0%fa+%ce%d2%b5%c4%b7%f2%c6%de%bd%bb%bb%bb3p%be%ad%c0%fa+bl%d0%a1%cb%b53p	1
resources	1
w63	1
www.likuiming	1
www.97yule	1
channel.pcpop	1
yrwz123@126	1
index?chenzhaohua	1
post.soso	1
greatoo_cn	1
viewthread.php?tid=195466&extra=page%3d1	1
lxwh	1
qq86	1
lxwd	1
showarticle?articleid=69894	1
announce?boardid=100&id=45482&rootid=9652&p=1	1
%b8%f1%c1%d6%d3%f1	1
d3082ab-c020-41e0-882e-e6cd6399807cl	1
article5.17173	1
dv_rss?s=xhtml&boardid=27&id=32349&page=91	1
www.snab2007	1
c.ddddx	1
msn.tvsou	1
www.fsonline	1
www.hzlive	1
@3003169	1
u88	1
biaoqian	1
www.kklian	1
view-816684l	1
folk	1
zs	1
www.jd-cd	1
babyclub.women.sohu	1
www.mcxb	1
n257090954	1
lxzlhb.doc	1
www.zg-bz	1
default?54-11849799-0-0-0-0-0-a-	1
www.huojian	1
printpost?threadid=1333	1
at188html	1
www.namers	1
bbs.163chun	1
www.chinaopera	1
www.txtbook	1
r-gangtai-184002-72-251-0l	1
www.sao48	1
brand01100	1
showthread.php?t=126187&goto=nextnewest	1
bill_cpc?p=bekncsjprriwygkzlxcllnfqlyll4b5ullz1zneyqkvsllllgzlclapes$xrzg0nzdjtohpx13glllll&q=cglkpwhsamhlz2fuzyzypti3jmg9mty4ndq0nziwjny9nyzjpu8a&url=http:	1
z4	1
ask.alipay	1
bbs.finaleden	1
idazhe.taixing	1
138xs	1
readnews?newsid=547170	1
www.xiadaomiji	1
worldmaps	1
no01	1
,1598,4219410,00	1
products	1
id_cf00xnzuymzy=l	1
mp4mtv	1
viewthread.php?tid=11391	1
jiangjia	1
www.62hk	1
news-2007-05-24-20111799774644063	1
xydt	1
220.181.18.157	1
www.gtread	1
manage	1
no04	1
www.hyx.gov	1
tools	1
bill_cpc?p=twm2pdho4lnwygn3lxcllgshlzlx5qnclfakld8j1knsllllgyfvlahshar2$2rv8eg27zlllll=&q=cglkpwppytaymtymcj0xmizopte2odq0ndcymcz2ptcmyz1paa==&url=http:	1
cha	1
lottery	1
yanjiushengyuan	1
www.hyatt	1
www.ndsbbs	1
book.sinoeb	1
ouman_1173	1
companylist	1
sort	1
chye20070914l	1
zh	1
www.zhujiangroad	1
tangchao	1
subsites	1
www.fjydyz	1
www.100md	1
www.sunfire	1
www.qudian	1
sports.sohu	1
bookread.php?no=14424	1
item_200000032_1200347650_0_1l	1
www.zju-cos	1
q52468914	1
bill_cpc?p=h6tehlpkgbqwygtdlxcllranlyllp8ngllqg7ntnf9csllllgzlqlg5lh2leoelpllllll==&q=cglkpwppytaymtymcj0xjmg9mty4ndq0nziwjny9nyzjpu8a&url=http:	1
www.hottu	1
lens_index	1
f?kz=355447305	1
bbs.55bbs	1
www.crsky	1
bc.php?code=600053	1
tag	1
www.ghgj	1
@1340288	1
www.13178	1
mov.tvsou	1
66.79.172.149	1
bbs.med126	1
www.up15	1
pic.tiexue	1
b86de-eae4-11dc-b29f-0014221f4662	1
class6	1
bill_cpc?p=62lshew8zzqwygyzlxcll4gplyllxzcqlj6e4hilsnxsllllgj1hlt5lh2tvc2pc1zkyozlllll=&q=cglkpwx1b3npy3gmcj0xoszopte2odq0ndcymcz2ptcmyz1paa==&url=http:	1
viewthread.php?tid=1935551	1
www.91baby	1
chou	1
pub	1
tid-106357l	1
cgi.twnano	1
content_1626480	1
?tid-92752l	1
wallpaper	1
www.szsofa	1
vcd.bfbar	1
www.88rm	1
tv.bbs.cctv	1
ring.ccmove	1
society	1
read.php?tid=5448	1
view?html=	1
book.voc	1
thread-742715-1-1l	1
www.hr33	1
libaoyin518.bokee	1
www.gbgba	1
market.cheapu	1
xk.lysf999	1
nvren.huzhai	1
showerr?boardid=145&errcodes=29&action=%b0%ae%b3%c7bt%c2%db%cc%b3+%d2%f9%c2%d2%d0%a1%cb%b5+%bf%d5%bd%e7%bb%b6%c0%d6%cc%ec%bf%d5%c5%b7%c3%c0%cd%bc+%d0%dc%c3%a8%cc%f9%cd%bc%c2%db%cc%b3+%c5%b7%c3%c0%d2%f9%c2%d2%cd%bc%c6%ac%bf%e2+dse%d2%f9%c2%d2%d3%b0%c6%ac%b9%db%bf%b4+%ce%d2%b0%ae%bf%b4%cc%a8%cd%e5%b3%c9%c8%cb%cc%f9%cd%bc	1
encyclopedia	1
yuxiang	1
?classid=11	1
bill_cpc?p=rlzwqhg$phdwygttlxcll3iolzlxgzbclfwbgheqqxcsllllgzqcl2n$1kac$g$8llllll==&q=cglkpwhsamhlz2fuzyzypti3jmg9mty4ndq0nziwjny9nyzjpu8a&url=http:	1
bbs.v15i	1
getgeci	1
b740036	1
www.bigbooblinks	1
n249513322	1
seng	1
sperm	1
dv	1
www.tianrendianshi	1
companydetail?id=40940	1
bbs3gw	1
et22ek5o	1
www.lawon	1
rbavny.g.ifensi	1
xigu	1
www.cycnet	1
kp2	1
article_show?articleid=10095	1
daima	1
www.mllxw	1
www.jxbbs	1
military.club.china	1
www.blxxy	1
f?kz=390214560	1
www.yiawa	1
index20050322	1
auto.mop	1
health	1
byc	1
d9info	1
bbs.aicbbs	1
www.feet-mania	1
cc1877	1
topicother?t=5&boardid=2&id=9910	1
qqzone	1
appraise?boardid=36&topicid=146961&postid=40165	1
hi.qidaoweiwaidemeiyitian	1
read_2206564l	1
www.srui	1
view?article_id=4727673	1
www.92gay	1
\xa8\xac\xa8\xac?\xa8\xb0_?\xa1\xe4?\xa6\xcc?\xa1\xa4	1
redirect.php?tid=1127&goto=lastpost	1
x.soso	1
www.hecaitou	1
picture_2941l	1
rockets	1
shang,pin	1
class1	1
introhtml	1
bbshot_pic	1
smusou4	1
attachments	1
www.chinabaike	1
www.eb.tv	1
w14	1
viewthread.php?tid=20282	1
guanli	1
bj4251smfjb-12_1293l	1
www.sakurajapanese	1
billboard?cdealer_code=22721	1
mall.sina	1
photo.aiyin	1
medicineinfo	1
www.soso	1
litros_564l	1
member.giga.tw	1
www.39	1
szjj	1
showarticle?articleid=782	1
res	1
thread-107965-1-1l	1
www.photosohu	1
thread-637945-1-1l	1
dnsm	1
viewthread.php?tid=14419	1
q63312166	1
community.eachnet	1
softview_52635l	1
sports.online.sh	1
bbs.xaut	1
qyzx	1
q4468953	1
news.ifeng	1
205.209.168.251	1
pifudaima	1
user.nankai.edu	1
index?	1
www.chinasafety.gov	1
www.txxsw	1
article_comments	1
1.uuww.info	1
bill_cpc?p=3zeuy@nnyobwygnvlxcllrp7lzlxga4clfw054yub2isllllgzhvlgtczmwiia5gh$bvc2pcllllll==&q=cglkpwfhbmppyszyptgmad0xnjg0ndq3mjamdj03jmm9twa=&url=http:	1
article_show?articleid=2869	1
qfaligafa.mahitos.info	1
mainland	1
viewts?id=11920&mmm=4	1
fol.icxo	1
www.mathcn	1
feizhuliu	1
q59692771	1
info.chem.hc360	1
bill_cpc?p=drqba7xyhxswygkclxdlla09lylxgyeelfwggfocyzisllllgrllkgaisz7lllll&q=cglkpwppytaymtymcj0ynczopte2odq0ndcymcz2ptcmyz1paa==&url=http:	1
xiaonei.chinaren	1
game.21cn	1
lady.anhuinews	1
www.resume8	1
wwwgsf	1
www.sh-hengre	1
moni.mydown	1
anli	1
www.codesky	1
b69bf6ffc2ce790bl	1
www.zxy666	1
tech.enorth	1
map_earth.php?id=	1
txt_188341	1
www.8080	1
printpage?boardid=33&id=978109	1
lid00.blog.sohu	1
life.httpcn	1
viewdiary.17748598l	1
bbs1.paipai	1
palestine	1
winnieworld.blog.sohu	1
articles3	1
www.fuck4fucking	1
house20909	1
www.infzm	1
www.ent100	1
www.rrsq100	1
ynet.myspace	1
read_1450577l	1
q33692095	1
thread-48838-1-1l	1
cyl	1
w54	1
topic.php?from=channel_my&dust2=&pid=17673	1
q22009761	1
music.qq	1
feedback.php?arcid=75390	1
nh686	1
www.chinese-software	1
www.xunmp3	1
www.yzrc	1
wenzhang	1
t162789	1
www.mimiwu	1
content_6982855	1
fengshun	1
zuixinyaowen	1
www.qqtzt	1
www.hbt	1
??\xa6\xcc??\xa1\xc0	1
wbnews.php?db=18&thisid=86830	1
www.uname	1
big5.cctv	1
dj.9ku	1
wasai.blog.hexun	1
gd.118100	1
www.china-ccaa	1
bbs.80xp	1
liulizi75.blog.sohu	1
www.wwwwq	1
si	1
@1490090	1
bill_cpc?p=otxmunc@qkswygk$ljlllvoclzllxxhvlf3dcgckmsisllllgbvvla@777tg$2anllllll==&q=cglkpxhpytiwmdgmcj04jmg9mty4ndq0nziwjny9nyzjpu8a&url=http:	1
weihu	1
ccn.mofcom.gov	1
question_12836l	1
id_884645l	1
detaill?u=1602131	1
topicother?t=5&boardid=10&id=8890	1
www.435550	1
n248264675	1
zsjy	1
e02-907c-11dc-bebb-0014221f4662	1
l?fr=qrl	1
www.rxgl	1
wpgmk.blog.sohu	1
bill_cpc?p=vynlldm7h8dwygnylxclljz8lzlx2cnclfjfy8msffisllllgbrclar9zdgrza0kzewmerg$8b8prllllll=&q=cglkpty2nza1ntk1jni9mtumad0xnjg0ndq3mjamdj03jmm9twa=&url=http:	1
bbs.96911	1
news.rednet	1
class	1
www.51.la	1
mlisen.php?mid=65574	1
lcdtv	1
ncdealers	1
www.yahooxiaoshuo	1
wuyexinwin	1
66.90.93.205	1
bill_cpc?p=mmfii6qrlviwygkelxcll3x5lzllxfftlj6xzt65nzxsllllgbjvlgxmldrq1gzcllllll==&q=cglkpty2nza1ntk1jni9oczopte2odq0ndcymcz2ptcmyz1paa==&url=http:	1
gamenew	1
media.news.sohu	1
f?kz=362808258	1
abstract?a=jcyyy200304069	1
www.52renti	1
jingdian	1
zker	1
www.at188	1
product.dangdang	1
@4466838	1
show?id=1262	1
www.nbxs.gov	1
~xx4ucom	1
hr.wtojob	1
www.hairdesign	1
www.shpolo	1
bill_cpc?p=c6znqwbi7xowygnklxcllnfqlyll4b5ullz1znoqapesllllgzeqlapes$xrzg0nzdjtohpx13glllll&q=cglkpty2nza1ntk1jni9nszopte2odq0ndcymcz2ptcmyz1paa==&url=http:	1
www.verycd	1
huazhuang.xiugo	1
su.dianlutu	1
register.php	1
cache	1
train.tielu	1
charles.blog.sohu	1
y_cyfw	1
www.sc999	1
www.scpi.gov	1
mrmy	1
www.oursci	1
a03	1
hr.sol	1
cdealer	1
ylxx	1
usersong	1
new.899866	1
bbs.pep	1
l?fr=idrm	1
bbs.eduu	1
www.xs8	1
bbs.2000y	1
sysc	1
feizhutian.blog.sohu	1
www.yan33	1
jeffersonpan.blog.sohu	1
?2?\xa8\xa6?3?????\xa1\xa4??\xa1\xe4\xa8\xa8\xa1\xa4?	1
jwjq	1
q5954020	1
qy	1
wuyexinwin_300_20070729_4	1
nmcxoibdltkwprofile1	1
www.0791bk	1
guojinjinyong.blog.sohu	1
www.haoyisheng	1
qg	1
af75ad4d326c004a18bb7a1l	1
subject_5334814l	1
www.anaccp	1
j	1
bbs.51hgame	1
www.playyy	1
bill_cpc?p=8iywsrkdwsowygkxlxcllxs1lzlx5q44lfapz4hpufhsllllgblclaxjer42hhk3llllll==&q=cglkpwhsamhlz2fuzyzypti3jmg9mty4ndq0nziwjny9nyzjpu8a&url=http:	1
article_3594_1	1
n_china	1
groups.google	1
www.hzsqw.gov	1
9.douban	1
ywbs	1
wwwtx	1
ctu3pgc00742437l	1
bylw	1
www.qqoi	1
games.sina	1
tag.ieche	1
www.edu	1
c.57bbt	1
read_-bwvpcmltawfvzge=_230387l?source=la	1
list?link_id=276&title=%be%de%c2%d6%d0%c2%ce%c5	1
gta	1
b524dc01000al8	1
fasthtml	1
careermore_147_165	1
rsc.xmu.edu	1
t20080530_580616_1	1
www.lovmm	1
www.fangte	1
department.cup.edu	1
www.grupo-rbd	1
redirect.php?fid=12&tid=183&goto=nextnewset	1
?p=455&email=1	1
news.cphoto	1
lxql	1
www.nmbeier	1
l&title=%c4%cf%bf%b5%b8%d3%c9%cc%b4%e5%d5%f2%d2%f8%d0%d0%bb%fa%b9%b9%b5%c4%d4%cb%d7%f7%c7%e9%bf%f6	1
contentf?aid=1023,,5860187,2	1
products?sku=89267%20&shbid=1355	1
www.house-of-discipline	1
bill_cpc?p=mneakkgzf5iwygkwlxcllxs1lzlx5q4blfapz2hhsuisllllgbhqlaaps$lihtzellllll==&q=cglkpty2nza1ntk1jni9oszopte2odq0ndcymcz2ptcmyz1paa==&url=http:	1
tuku.news.china	1
forum-1	1
showerr?boardid=8&errcodes=29&action=%c5%b7%c3%c0%b3%c9%c8%cbbt%cd%bc	1
md.gamehome.tv	1
www.tok17	1
f9h7c400051ca1l	1
rengongliuchan	1
cm	1
www.webcars	1
a.saogg	1
wjc2006.blog.hexun	1
smzy	1
commend	1
cz	1
c13119	1
www.1925	1
play_album-aid-4154585_vid-mjg1njk3mdml	1
cs	1
cq	1
www.gzchengbang	1
indexscl	1
ct	1
news.67	1
www.xjrs.gov	1
freecall.siteem	1
articlepic	1
qqkongjiandaima	1
bill_cpc?p=@r0cgqwvbvxwygnvlxcll3aklzlxnozblf3mr87klsosllllgzhvl2zz1rqd825dllllll==&q=cglkpwfhbmppyszyptgmad0xnjg0ndq3mjamdj03jmm9twa=&url=http:	1
skype.tom	1
q12957028	1
njredstar	1
id_cf00xmjy1ote4na==l	1
news.qianlong	1
you.video.vnet	1
content_10556	1
bill_cpc?p=w35rss0f2hiwygkqlxcllxjxlzlx2osklfjizx7e0disllllgzzolg$s1dlereu6m@ryhbu67d83ir5lmkolllll&q=cglkpwfhbmppyszyptimad0xnjg0ndq3mjamdj03jmm9twa=&url=http:	1
www.6621	1
zhangxiaoyu	1
music.ent.tom	1
wiki	1
www.fengkun	1
tl.sohu	1
tt_8518_1	1
www.qire	1
ly	1
junshi.club.xilu	1
eladies.sina	1
www.qqhru.hl	1
www.szhome	1
eng10864	1
xwzx	1
book.wuxiawu	1
n249996784	1
lib.verycd	1
93kb	1
newswest	1
q33267674	1
www.173qc	1
games.tom	1
wangly07.blog.sohu	1
mail.sina	1
www.teenmodelsparadise	1
www.scrs.gov	1
lib.yixia	1
pic-2101-1l	1
id_cf00xmjq2nzqzmg==l	1
bbs_42912	1
n221067713	1
ecse38d1-ts	1
n254348933	1
www.syzw	1
chye200709	1
szgonline	1
v2	1
www.51kan	1
content?stritem=no110&flag=1&idarticle=11049	1
content_2152834_1	1
kpyd	1
club.china.alibaba	1
www.kdcn	1
weapon	1
busstation	1
redirect.php?fid=101&tid=11185&goto=nextnewset	1
q24261248	1
user.izy	1
english	1
tt_12062_1	1
e6c601000796	1
jr622	1
wh_kx_12_01_009	1
www.toshop	1
fileview-558552l	1
viewthread.php?tid=17005	1
cly-123.blog.sohu	1
www.8264	1
11sss	1
r-basketball-1645125-0-33-10l	1
www.scatdykes	1
creditcard	1
soft_7l	1
m.1030877577.a	1
3.44x33	1
www.qyule	1
view_4902l	1
rockets_news	1
n63567c69	1
www.nesgame	1
gmp	1
tid-89001l	1
viewthread.php?tid=415795&extra=page%3d1	1
www.zhcw	1
thread-763700-1-347l	1
show_mp3_250l	1
a7f9c09010007aw	1
bbs.npzw	1
siemens	1
ycqngk2005.b2b.hc360	1
www.bitauto	1
yujilang	1
xzd.2000y	1
www.mtvtop	1
bill_cpc?p=sdxm9sqmjivwygnzlxcllrbblzlxnqimlf3zbhsspnjsllllgblql23zh5tpz7ar12rjizlllll=&q=cglkpwdnd3cyntgmcj0xjmg9mty4ndq0nziwjny9nyzjpu8a&url=http:	1
67.18.237.163	1
qswyt	1
society.people	1
showpost?menu=previous&forumid=284&threadid=712	1
www.web608	1
www.fullxxxmovies	1
dispbbs?boardid=42&id=422630&star=12	1
movie?id=1199	1
www.114sg	1
info.cqvip	1
gsrb.gansudaily	1
www.51xgdd	1
dispbbs?boardid=11&id=91268&star=2&page=1	1
health.sohu	1
krmtv	1
d692300-bb3f-11dc-a1bc-0014221b798a	1
shop_newsungirl	1
female.jxnews	1
showpost?threadid=337732	1
huangrui	1
bf.91f	1
fjw110.it	1
id_1419429l	1
www.654123	1
bill_cpc?p=e1iuwl5sgeiwygbwlrgllakvlzlx2iielf3srlo3zqisllllgbyql2wzh7fi$dmmllllll==&q=cglkpwx5znp3odgxjni9mszopte2odq0ndcymcz2ptcmyz1paa==&url=http:	1
www.333db	1
thread-11824-1-1l	1
ex_??\xa1\xe3????\xa3\xa4\xa3\xa4??1???	1
www.evcip	1
like.php?document_id=254203	1
bill_cpc?p=$xvprfn2ceiwygkxlxcll5xzlzlx2usclfwkddinjeiqllll9x9alqczgzlllll=&q=cglkpxnvahumcj0xoczopte2odq0ndcymcz2ptemyz1paa==&url=http:	1
biancheng	1
www.mp3dy	1
?	1
dahongmao.blog.sohu	1
www.newhua	1
content_10656302	1
id_cf00xnzuxoduwma==l	1
show.php?classid=3&id=120	1
id_cd00xmty2otqzmg==l	1
bill_cpc?p=7@ds9h0cigewygknlxdlla09lylxgyeelfwggn1j1fesllllgrllkgaisz7lllll&q=cglkpwppytaymtymcj0ynczopte2odq0ndcymcz2ptcmyz1paa==&url=http:	1
www.freedv	1
article_16229_1	1
see?bbs=a08&c=fef5fe&s=&id=1318801	1
\xa1\xe4\xa8\xae?????\xa1\xe8\xa8\xa8\xa1\xa5\xa8\xa8\xa8\xaa?t????l	1
bill_cpc?p=4lih7bvb8gnwygkzlxcllnzglllxg0urlfwog28j1knsllllgy8vlg5ls2k387ztllllll==&q=cglkpwhsamhlz2fuzyzypteyjmg9mty4ndq0nziwjny9nyzjpu8a&url=http:	1
202.181.210.240	1
bbsanc?path=	1
dwpb4pdxvpu	1
jinpingmei	1
www.yuage	1
world	1
face	1
gamesoft_14156l	1
www.szmsd	1
lady.tom	1
www.qqbaike	1
gengsibuyunbuyoyiyuan-k3ze1121	1
id_cf00xoti1njk0oa==l	1
forum.dtmonline	1
guangpan	1
content_206348	1
ldhmusic	1
www.junzitang	1
www.innocentdream	1
www.38hoo	1
product.yesky	1
bbs2.nnsky	1
66.79.173.89	1
bombay	1
wenmi_51551_2	1
www.shnn	1
yangqing8182.blog.sohu	1
jiaoyufw	1
www.sinazh	1
viewthread.php?tid=416347&extra=page%3d13	1
m.99081	1
dispbbs?boardid=89&id=91356&page=1	1
dispbbs?boardid=44&id=242517	1
221xx	1
waimao-qihuo-shichang	1
gb.cgi?id=zeero	1
863986386.bokewu	1
v5003519-d1002072004-p2l	1
www.cicir.ac	1
www.mm168	1
bbs.52hdx	1
www.wendang	1
buy	1
alexa	1
children1	1
defaultinfodetail?categoryid=746ec05d-7a95-4d99-893e-7cd1a71389b5&infoguid=9a62be8d-5da8-4dec-8489-1e7bad75c674	1
bus	1
66.186.37.83	1
www.m18	1
construction	1
onlinecnc.ttplayer	1
cutiegallery	1
n248232333	1
netgam	1
places	1
thread-193689-1-1l	1
games.qq	1
news_view?id=1806	1
bill_cpc?p=ak09b0fdzkiwygnxlxcllvlplzlxgtq2lfjxr0lvnuisllllgzhvlg0hs5fiia5gh$bvc2pcllllll==&q=cglkpwnozw5nahvpjni9oczopte2odq0ndcymcz2ptcmyz1paa==&url=http:	1
?tid-131349l	1
d9711d2661f64c5682221c26dd4e297i1e	1
f?kz=206721829	1
jz.hire.house.alijiefu	1
read-mp4-tid-189l	1
bbs.xafdc	1
zikao.eol	1
forumview?td=2006&topic_id=2120760	1
www.zhdl	1
www.jxnews	1
bbs.sogua	1
www.byjd	1
ptpw-smzy-145-1l	1
www.skytop	1
sexylub.blog.sohu	1
education	1
autism	1
www.fiatclub	1
no20	1
tt930	1
read.php?tid=2145&page=e&fpage=4	1
children_subject	1
corporation	1
se.shuang8	1
n255799512	1
zxsx	1
bbs.sonlan	1
www.whuh	1
www.tiananmen	1
xunlei	1
redirect.php?tid=7823&goto=lastpost	1
stat	1
bbs2	1
www.seehot	1
content_261699	1
class014000003	1
www.77txt	1
ent.china228	1
gaoqiangnaimodimian	1
www.duote	1
www.fmx	1
www.moon-soft	1
www.jslqzx	1
?tid-105976l	1
eg4357i6j0j1	1
litros_1l	1
www.sekkk	1
viewthread.php?tid=191733&extra=page%3d3	1
%d0%a1%cb%b5%cd%bc%ca%e9%cd%f8	1
entertainment	1
v_mtk0nti5ntil	1
price.pcauto	1
s20031	1
epublish	1
show_news?id=9721	2
quickview	2
zhsx	2
content_2004066	2
www.paiji88	2
xhxs	2
liangxing	2
asia	2
www.orsoon	2
auction	2
bill_biz?p=vreheuof80jwygzkllx7gb9buyllljjylljy6rlp8swxlvjcgxpvlteoskllbwll&q=cglkpwpremhhatayjni9mjumad0xnjg0ndq3mjamdj03jmm9twa=&url=http:	2
companydetail	2
forum.5721	2
www.99wyt	2
zhzx	2
ilib	2
baoyang	2
sports.163	2
beauty	2
dskp	2
gwxz	2
img	2
www.youkuw	2
pcgame	2
www.360safe	2
yc66	2
t20080516_753275	2
series	2
table_16219834l	2
www.265	2
hn.rednet	2
www.y988	2
www.xunlei	2
bbs.86516	2
bt2.19va	2
www.chinajiehun	2
slst	2
www.people	2
xiao77.okmovie	2
www.zxmh	2
t20080531_1892853	2
geshou	2
www.hszw	2
www.n63	2
tabid	2
www.51766	2
announce	2
hebei	2
subject	2
3.2c3k	2
www.qqjia	2
www.360doc	2
news.tom	2
games	2
dvbbs	2
a.ddddx	2
book.danawa	2
www.51dh	2
space.1teng	2
player	2
dispbbs?boardid=48&id=8839&star=1	2
tableforum	2
rts	2
sub_list	2
pukexl	2
product.pcpop	2
ilgnlxebkqq	2
magazine	2
plus	2
wap	2
www.hhnovel	2
www15.tianya	2
news.mydrivers	2
,1004814829,gubal	2
viewthread-164076	2
n3	2
forumdisplay.php?fid=7	2
newscenter	2
wuqi	2
www.tianyibook	2
viewthread.php?tid=24912&extra=page%3d1	2
www.xiaoshuoku	2
n256979828	2
bbs.club.sohu	2
wxpd	2
love	2
ff8080810a483637010a5fffc5547310	2
www.mskxs	2
download.tkgame	2
bill_cpc?p=jmbcjjjp4ehwygbglxcll4tflzlxnwcvlf3ut4mba5oqlllllx4hltqcm@xsedrqm@olllll&q=cglkpxnvahumcj0zmszopte2odq0ndcymcz2ptemyz1paa==&url=http:	2
content?idwriter=532791&key=116290929&stritem=funinfo&idarticle=152297&flag=1	2
doc.xyxy	2
data	2
sm	2
yule	2
www.csc.edu	2
www.178yy	2
main	2
www.chengkao365	2
www.hljaic.gov	2
66.79.172.91	2
album	2
www.onlinedown	2
guba5.eastmoney	2
www.haodf	2
sports.tom	2
www.97gao	2
www.koreaxin	2
www.gaywang	2
www.zydg	2
www.0755accp	2
?tid-450147l	2
photos.nphoto	2
www.3poo	2
online	2
cqsh	2
title	2
v_playlist	2
www.baoyutang-hk	2
bbs.sj84	2
paper	2
ertongxinli	2
hot.vagaa	2
info.china.alibaba	2
www.ygjj	2
www.1ting	2
music.sogua	2
dkj	2
wwwvdd	2
www.538538	2
www.isjw	2
pinyin	2
bo.sohu	2
www.mn3g	2
comment	2
bbs.zh5000	2
junmeng.nen	2
www.bmla	2
www.xlzx	2
vip.rongshuxia	2
images	2
rss	2
tupian	2
www.xiao77-luntan	2
pics.skyhits	2
www.hisuppliers	2
www.2liang	2
wendaguidang	2
politics	2
co.163	2
topicother?t=5&boardid=5&id=129506	2
www.soufun	2
military.china	2
games.52pk	2
club.cat898	2
investment	2
www.d9cn	2
newcar	2
site.wang1314	2
www.qihoo	2
topicdisplay-5633-683356-1l	2
fulltext	2
eden	2
www.hzysm	2
infoid	2
history	2
maps.blogtt	2
maps	2
webnews	2
www.gtyz	2
www.ccppg	2
blog_4fc5ce7001008lk1l	2
yj	2
www.55188	2
auto.tom	2
www.yule987	2
life.sina	2
misc	2
?tid-1488l	2
www.tom365	2
www.66644044	2
www.xrxxb	2
www.duyidu	2
stock.business.sohu	2
www.ha7	2
htmlpage	2
yuerbaodian	2
news.china	2
www.rcdfw	2
networkyou.blog.china	2
search_playlist	2
www.aodun	2
www.yymp3	2
ent.qq	2
www.022net	2
hongjing	2
wwwetnews	2
linbing	2
www.guger	2
www.15150	2
game	2
d	2
www.ge520	2
forum-40-1l	2
www.trip18	2
www.ydbw	2
www.anyp	2
s2008	2
s2006	2
mall.ieche	2
tl.17173	2
bagua	2
bcb1dc30-e25f-11dc-baee-0014221f4662	2
news.online.sh	2
e	2
veth_ndyr-t3bjcrl	2
gx	2
bbs.2u	2
www.unican88	2
xlcs	2
game.hkza	2
111ss	2
www.dianping	2
www.xiaoshuo520	2
ahwjjcw.ce	2
www.sz-btesting	2
showweb	2
read.php?tid-3238-page-2-fpage-1l	2
5.mimiai.biz	2
www.hao123	2
www.520music	2
htmldata	2
discussion	2
www.11sss11sss11sss	2
haojunminblog.blog.sohu	2
gnyl	2
blog.163	2
qiyiban71.blog.sohu	2
post2_2056817_1l	2
t20080531_581644	2
nv.qianlong	2
zxxx	2
@4444820	2
www.news365	2
www.iciba	2
www.nddaily	2
game.3533	2
home.focus	2
qk	2
www.cqwb	2
q_???????3\xa1\xe3??????\xa8\xa6?????	2
thread-151-1-1l	2
tw	2
cupsrer00032nopl	2
ghtml	2
bbs.jooyoo	2
finance	2
auto.sohu	2
detaill?u=3385722	2
www.skycn	2
web	2
www.pc138	2
club.chinaren	2
book.sina	2
map21539l	2
www.wfggw	2
ndshipinlist	2
details	2
lady.qq	3
www.3378	3
tv.sohu	3
www.xici	3
nzt	3
doc	3
dispbbs?boardid=36&id=292630&page=1	3
www.ruilitang	3
htm_data	3
cang.baidu	3
www.xmnn	3
www.hyt	3
post	3
www.examda	3
www.yellowriver	3
novel	3
archive	3
qbar.qq	3
defaultl	3
xdth	3
zhangxiaoyu52.blog.sohu	3
big5	3
blog.tom	3
q	3
club.beelink	3
czmrnhwcgtw	3
www.zy588	3
autoseries	3
n.auxiao77	3
zh_cn	3
pages	3
mp3.baidu	3
www.cbdgame	3
www.pcpop	3
driver	3
mp4.zg99	3
pop.pcpop	3
mp3	3
read.php?tid=12620&fpage=3&toread=&page=3	3
thread-633534-1-1l	3
xiqidongshu	3
two	3
w	3
post?id=95645	3
news.vnet	3
www.stsky	3
mobile	3
x	3
art	3
so.youku	3
newbbs	3
www.jjzy	3
www.chinajunzheng	3
auto.sina	3
cn.bbs.yahoo	3
article_show?articleid=9633	3
www.ieenn	3
snap	3
app	3
yixiao00700.blog.sohu	3
www.gwyoo	3
www.taobao	3
down.52pk	3
ent.tom	3
product.it168	3
xqdshu	3
bar.stockstar	3
series-17954lhttp:	3
xhmf	3
violar.blog.sohu	3
www.yahoo	3
local	3
pros%3flb=3	3
www.dolphingulf	3
read_?a\xa1\xa4?\xa6\xcc?\xa8\xae\xa1\xe3_71289l	3
id_ca00xmtk4mtc2na==l	3
sports.enorth	3
picture1picture	3
software	3
66.79.187.84	3
brand	3
www.51dy	3
www.readnovel	3
d047t3e00032nopl	4
bbs.cqzg	4
city3119	4
www.xiaoshuo	4
id	4
ent	4
mgml	4
www.22cccsese	4
y	4
tags	4
litros	4
www.waok	4
nclub	4
www.ilib	4
qun.51	4
group	4
city_1l	4
www.ribenchengrenwangzhan	4
myweb.yahoo	4
www.mgmgrandmacau	4
dv.ouou	4
article454	4
song	4
www.120ask	4
www.zaobao	4
tt.mop	4
download	4
bbs.guilinlife	4
message	4
yc.book.sohu	4
dl	4
www.sogou	4
video	4
wiki_map	4
www.ku6	4
static	4
thread	4
www.cheshi	4
club.ccmove	4
ziliao	4
schi	4
www.97sese	4
gb.cri	4
www.9tour	4
other	4
book.4yt	4
forum.taobao	5
music	5
ent.sogua	5
club.autohome	5
women.sohu	5
item	5
htm	5
www.selfpp	5
sp	5
default	5
list	5
search	5
v	5
topic?k=13,10,0,194069	5
www.adjsq	5
writer	5
map	5
club.cqvip	5
star	5
new	6
free	6
www.588588gp	6
www.che168	6
www.tianya	6
cardb	6
sohu	6
bbs.tiexue	6
ask.ci123	6
l?from=related	6
tv.mofile	6
product	6
questions	6
che168	6
info	6
playlist	6
hi.baidu	6
pic	6
photo	7
topic	7
n248043827	7
blog	7
u	7
v.sohu	7
p	7
l?fr=qrl3	7
special	7
cn	7
h	8
yule.sohu	8
l?si=1	8
down	8
zh-cn	8
movie	8
www.56	8
articles	8
www.fs2you	9
zt	9
news.qq	9
cache.tianya	9
www.cg58	10
club	10
www.baidu	10
play	10
f	10
news.sina	11
ent.163	11
detail	11
m	12
blog.sina	12
cgi-bin	12
show	12
c	12
www.big38	13
news.sohu	13
playlist_show	14
gb	14
forum	15
s	15
view.jsp?oid=40472396	15
bjyouth.ynet	15
system	16
book	16
tieba.baidu	16
publicforum	16
simple	16
news.xinhuanet	16
www.youku	16
baike.baidu	17
ent.sina	19
indexl	19
pic.news.mop	20
index	20
soft	20
v_show	21
gs	21
you.video.sina	22
files	22
f3e6sghfla	22
v.youku	23
content	25
archiver	25
iask.sina	26
a	28
daqian	31
social	31
dizhen	31
domestic	31
programs	33
zhuanti	33
wenwen.soso	34
z	36
www.tudou	40
article	44
www.17tech	45
b	50
view	52
click.cpc.sogou	59
ks.yahoo	60
bbs	61
news.21cn	62
news	68
html	70
zhidao.baidu	152
question	216
l	435
